Religion # / Religion name / Religion code / Reformed? / Holy Sites Group / Reforms to...
8 / Adoptionist / adoptionist / 1 / Pentarchy 
9 / Agliboli / aglibol / 0 / canaanite / palmyran_pagan_reformed 
10 / Alexandros-Ammonite / alexandros / 1 / Pentarchy 
11 / Al-lati / allat / 0 / arab_pagan / arab_pagan 
12 / Wotanist / allfather / 0 / german_pagan / german_reformed 
13 / Almaqahi / almaqah / 1 / arab_pagan 
14 / Amanaii / amanai / 0 / berber / mastiman 
15 / Antinomian / antinomian  / 0 / catholic_rebel / christian_populist_reformed 
16 / Apollinarist / apollinarist / 1 / Pentarchy 
17 / Abeed ash-Shamsi / arab_pagan / 1 / arab_pagan / arab_pagan 
18 / Arian / arian / 1 / Pentarchy 
19 / Ash'ari / ashari / 1 / muslim 
20 / Athari / athari / 1 / muslim 
21 / Attari / attar / 0 / arab_pagan / arab_pagan 
22 / Audianist  / audianist  / 1 / Pentarchy 
23 / baltic_pagan / baltic_pagan 
24 / Beelshamen / beelshamen / 0 / canaanite / baal_monotheistic_reformed 
25 / Bektashi / bektashi / 1 / muslim 
26 / Amazigh / berber_pagan / 0 / berber / mastiman 
27 / Bogomilist / bogomilist / 1 / catholic_rebel 
28 / Gandharan Buddhist / bud_gandharan / 1 / buddhist 
29 / Buddhist-Zoroastrian / bud_zor / 0 / buddhist / bud_zor_reformed 
30 / Buddhist / buddhist / 0 / buddhist / buddhist_reformed 
31 / Cathar / cathar / 0 / pyrenean_christian / cathar_reformed 
32 / Catholic / catholic / 1 / Pentarchy 
33 / Hibernicist / celtic_christ / 0 / celtic / celtic_christ_reformed 
34 / Druidic / celtic_pagan / 0 / celtic / celtic_pagan_reformed 
35 / Chumbylatic / chumbylat / 0 / komi / komi_reformed 
36 / Cybelite / cybele / 0 / Pentarchy / cybele_reformed 
37 / Da?bogite / dazhbog / 0 / slavic / northern_sun_reformed 
38 / Dievasic / dievas / 0 / baltic_pagan / baltic_pagan_reformed 
39 / Docetist / docetist / 1 / Pentarchy 
40 / Donatist  / donatist  / 1 / catholic_rebel 
41 / Druze / druze / 0 / muslim / druze_reformed 
42 / Suomenuskan / finnish_pagan / 0 / finnish_pagan / finnish_pagan_reformed 
43 / Fraticelli / fraticelli / 0 / berber / christian_populist_reformed 
44 / Firner Situic / german_pagan / 0 / german_pagan / german_reformed 
45 / Ghazi Islamic / ghazi_islam / 0 / muslim / muslim_domination_reformed 
46 / Graeco-Roman / graeco_roman / 0 / Pentarchy / graeco_roman_reformed 
47 / Gurzili / gurzil / 0 / berber / mastiman 
48 / Haruri / haruri / 1 / muslim 
49 / Hubali / hubal / 0 / arab_pagan / arab_pagan 
50 / Hurufi / hurufi / 1 / muslim 
51 / Ibadi / ibadi / 0 / muslim / Aliite_reformed 
52 / Iconoclast / iconoclast / 1 / eastern_christian 
53 / Ilm Islamic / ilm_islam / 1 / muslim 
54 / Ilmattarenpalvoja / ilmatar / 0 / finnish_pagan / finnish_pagan_reformed 
55 / Indo-Hellenic Buddhist / indoh_bud / 1 / bactrian 
56 / Indo-Hellenic Hindu / indoh_hindu / 1 / bactrian 
57 / Pyromantic / indoh_zor / 1 / bactrian 
58 / Indo-Hellenic / indohelen / 0 / bactrian / indohelen_reformed 
59 / Irminsulic / irminsul / 0 / german_pagan / german_reformed 
60 / Yahweh Sabaothite / jud_sabaoth / 0 / judaic / judaism_reformed 
61 / Jewish / judaism / 0 / judaic / judaism_reformed 
62 / Jumalanpalvoja / jumala / 0 / finnish_pagan / jumala_reformed 
63 / Jupiterite / jupiter / 1 / Pentarchy 
64 / Kharijite / kharijite / 0 / muslim / Aliite_reformed 
65 / Lollard  / lollard /  / catholic_rebel / christian_populist_reformed 
66 / Luwian / luwian / 1 / luwian 
67 / Maherite / maher / 0 / abysso-sabean / ethiopian_war_reformed 
68 / Malakbelite / malakbel / 0 / canaanite / baal_monotheistic_reformed 
69 / Ruha d-Qudshai / mand_ruha / 0 / old_mesopotamian / mand_ruha_reformed 
70 / Mandaean / mandaean / 0 / old_mesopotamian / mandaean_reformed 
71 / Mande Pagan / mande_pagan / 0 / serer / serer_reformed 
72 / Manichaen / mani / 1 / persian 
73 / Ahrimanic / mani_ahriman / 0 / steppe_ahriman / ahriman_reformed 
74 / Wulfilist / mani_germanic / 0 / german_pagan / mani_germanic_reformed 
75 / Theomachian / mani_mithra / 1 / Pentarchy 
76 / Dragomirist / mani_slavic / 0 / slavic / mani_slavic_reformed 
77 / Marabouti / marabout / 0 / muslim / muslim_sufi_reformed 
78 / Marcionist / marcionist  / 1 / eastern_christian 
79 / Mari-Christian / mari_christ / 0 / pyrenean_christian / mari_christ_reformed 
80 / Mastimani / mastiman / 1 / berber 
81 / Maturidi / maturidi / 1 / muslim 
82 / Mazdakist / mazdakism / 0 / persian / mazdakism_reformed 
83 / Melkite / melkite / 1 / Pentarchy 
84 / Mithraic / mithra / 1 / Pentarchy 
85 / Mithraic-Christian / mithra_christ / 1 / Pentarchy 
86 / Eosphorist / mithra_sol / 1 / Pentarchy 
87 / Monophysite / monophysite / 1 / Pentarchy 
88 / Monothelitist / monothelitist / 1 / Pentarchy 
89 / Montanist / montanist / 1 / eastern_christian 
90 / Murji'i / murjiah / 1 / muslim 
91 / Mu'tazili / mutazil / 1 / muslim 
92 / Neoplatonist / neoplato / 1 / Pentarchy 
93 / Nestorian / nestorian / 1 / eastern_christian 
94 / Scandinist / norse_christ / 0 / norse / norse_christ_reformed 
95 / µsatr£ / norse_pagan / 0 / norse / norse_pagan_reformed 
96 / Ofridrt¡varic / norse_war / 0 / norse / norse_pagan_reformed 
97 / Orthodox / orthodox / 1 / Pentarchy 
98 / pagan / pagan 
99 / Elohimi / palmyran_pagan / 0 / canaanite / palmyran_pagan_reformed 
100 / Peckolsic / peckols / 0 / baltic_pagan / baltic_pagan_reformed 
101 / Pelagian / pelagian / 1 / Pentarchy 
102 / Perkunan / perkunas / 0 / baltic_pagan / baltic_pagan_reformed 
103 / Perunist / perun / 0 / slavic / perun_reformed 
104 / Platonic Christian / plato_christ / 1 / Pentarchy 
105 / Platonic Islamic / plato_islam / 1 / Pentarchy 
106 / Platonic Pythagorean / plato_pythagorean / 1 / Pentarchy 
107 / Porphyryan / porphyryan / 1 / Pentarchy 
108 / Priscillian / priscillian  / 0 / pyrenean_christian / priscillian_reformed 
109 / Qarmatian / qarmatian / 0 / muslim / muslim_domination_reformed 
110 / Ragnar”ker / ragnarok / 0 / norse / ragnarok_reformed 
111 / Rodic / rod / 0 / slavic / slavic_reformed 
112 / Imperial Cultist / roman_imperial / 1 / Pentarchy 
113 / Roogan / roog / 0 / serer / serer_reformed 
114 / Sabellianist / sabellianist  / 1 / Pentarchy 
115 / Saulic / saule / 0 / german / northern_sun_reformed 
116 / Semipelagian / semipelagian / 1 / Pentarchy 
117 / Sethian / sethian / 0 / judaic / sethian_reformed 
118 / Ash-Shamsi / shams / 0 / arab_pagan / arab_pagan 
119 / Shia / shiite / 1 / muslim 
120 / Rodnoverist / slavic_pagan / 0 / slavic / slavic_pagan_reformed 
121 / Solar-Imperial / sol / 1 / Pentarchy 
122 / Apollo-Heliosean / sol_apollo / 1 / Pentarchy 
123 / Apollo-Boreasean / sol_boreas / 0 / Pentarchy / sol_boreas_reformed 
124 / Solar-Christian / sol_christ / 1 / Pentarchy 
125 / Al-Shams Islamic / sol_islam / 0 / Pentarchy / sol_islam_reformed 
126 / Solar-Manichean / sol_mani / 1 / Pentarchy 
127 / àdinn-S¢lar / sol_norse / 0 / Pentarchy / northern_sun_reformed 
128 / Horsic / sol_slav / 0 / Pentarchy / northern_sun_reformed 
129 / Ts'„h„y Mahremite / sol_tsahay / 0 / Pentarchy / ethiopian_war_reformed 
130 / Solomonic Christian / solomonic_christ / 1 / eastern_christian 
131 / Sowiloic / sowilo / 0 / norse / northern_sun_reformed 
132 / Sufi / sufi / 0 / muslim / muslim_sufi_reformed 
133 / Sunni / sunni / 1 / muslim 
134 / Svarogan / svaroh / 0 / slavic / slavic_pagan_reformed 
135 / Svetovidan / svetovid / 0 / slavic / slavic_pagan_reformed 
136 / Tal'labi / talab / 0 / arab_pagan / arab_pagan 
137 / Teiwazic / teiwaz / 0 / german / teiwaz_reformed 
138 / Tengri-Buddhist / tengri_bud / 0 / tengri / tengri_bud_reformed 
139 / Mani-Tengriist / tengri_mani / 0 / tengri / tengri_mani_reformed 
140 / Tengriist / tengri_pagan / 0 / tengri / tengri_pagan_reformed 
141 / Rod-Tengriist / tengri_rod / 0 / tengri / tengri_rod_reformed 
142 / Tunarazic / tunaraz / 0 / norse / norse_pagan_reformed 
143 / Unctionist / unctionist / 1 / Pentarchy 
144 / Valentinian / valentinian  / 1 / eastern_christian 
145 / Vattisen Yalist / vattisenyaly / 0 / komi / vattisenyaly_reformed 
146 / Velesic / veles / 0 / slavic / slavic_pagan_reformed 
147 / Voipelic / voipel / 0 / komi / voipel_reformed 
148 / Waldensian / waldensian / 0 / catholic_rebel / christian_populist_reformed 
149 / Yahyanist / yahyanism / 0 / old_mesopotamian / mandaean_reformed 
150 / Yazdƒni / yazdanism / 0 / old_mesopotamian / yazdanism_reformed 
151 / Yazidi / yazidism / 0 / old_mesopotamian / yazdanism_reformed 
152 / Zahiri / zahiri / 1 / muslim 
153 / Zalmoxian / zal / 1 / Pentarchy 
154 / Christo-Zalmoxian / zal_christ / 1 / Pentarchy 
155 / Apogenesianist / zal_mani / 1 / Pentarchy 
156 / Zikri / zikri / 0 / muslim / muslim_sufi_reformed 
157 / Angra Mainyui / zor_angra / 0 / persian / zor_angra_reformed 
158 / Zoroastrian Hindu / zor_hindu / 1 / persian 
159 / Zoroastrian / zoroastrian / 1 / persian 
160 / Zurvani / zurvanism / 0 / persian / zurvanism_reformed 
161 / Tengri-Ahrimanic / tengri_ahriman / 0 / steppe_ahriman / ahriman_reformed 
162 / Tarhuntite / tarhunt / 0 / luwian / tarhunt_reformed 
163 / Illuyankan / illuyanka / 0 / luwian / illuyanka_reformed 
164 / Lughite / lugh / 0 / celtic / celtic_pagan_reformed 
165 / Slavic Christian / slavic_christian / 0 / slavic / slavic_christian_reformed 
166 / Aztec / aztec / 1 / aztec 
167 / Miaphysite / miaphysite / 1 / eastern_christian